original,web_name,visual_subject,group,sku_verified,sha256,owner_confirmed_sku
MF8A6398.JPG,kuru-yaprak-parcalari-mf8a6398,leaf,herbs,NO,9e03a84b4ee19f032ca89bff7ebe25911791913bca51e23ad7948c96fe169f35,
MF8A6399.JPG,ince-uzun-yapraklar-mf8a6399,narrow,herbs,NO,0987c1c0ee4b3ece50f152d05405dc772d29ee1f9c5f9498ac93bcc6a2875571,
MF8A6400.JPG,kuru-kok-parcalari-mf8a6400,roots,bark,NO,a0dc3445333d22b08e4bf609a0ad5c30a2ebe51a533bfbbe724e4413c0051f4b,
MF8A6401.JPG,altin-rengi-taneler-mf8a6401,gold,seeds,NO,d287cab60419ea57a868b67e1ca5320527580790275885e661e37261ecaed281,
MF8A6403.JPG,keten-tohumlari-mf8a6403,flax,seeds,NO,5e2409db05b516da6d114a06b219ee35762098958e3ad1565838ed2b3cde3c25,
MF8A6405.JPG,alacali-kucuk-tohumlar-mf8a6405,chia,seeds,NO,b8336bb8ccad0c17c40ba61aaf0942bd25234b44abc116b68c43473cbbeac3c3,
MF8A6411.JPG,acik-renkli-taneler-mf8a6411,pale,seeds,NO,311d60da0e70030d8b846f2bc145fab204d0e0ca4415cc3fdd3a3d65f631090b,
MF8A6412.JPG,ufalanmis-kuru-bitki-mf8a6412,herb,herbs,NO,a7a6a8b4e96b46dc19030cd927482d61767d48e2d6047fdad7612903345674c9,
MF8A6414.JPG,toprak-tonlu-toz-mf8a6414,ochre,powders,NO,96f9b814b41968d7b229fab2371906e41bc40684094a18e86c92863b923b8937,
MF8A6415.JPG,yuvarlak-tohumlar-mf8a6415,round,seeds,NO,76b961dbc2195cb94a90a846a224a8396e5186c6bfb8d049bd9a578f6c858777,
MF8A6416.JPG,siyah-tohumlar-mf8a6416,black,seeds,NO,61256bd378872be70b203cdd11a3b9dd2537edac11cf45c45d4b85b9cece8763,
MF8A6417.JPG,gul-tomurcuklari-mf8a6417,rose,flowers,NO,18a479fd437c54029c452d3d96c15bc3871b8c49bc1793098bd4f1f5f164753c,
MF8A6418.JPG,ufalanmis-kuru-bitki-mf8a6418,herb,herbs,NO,51439fbc4c299a5f517b6e941b94c0bb7c7371173e5f3af352c9accde0f674ff,
MF8A6419.JPG,kuru-kok-parcalari-mf8a6419,roots,bark,NO,b8310d3ebf4644dfbc8f9b45f62bc786b49eb382fae2bdad8a104c05bd017463,
MF8A6420.JPG,bordo-granuller-mf8a6420,redgrains,spices,NO,aa5c4c5e8310694efe93aae1ef6baa93825459e8848bfefff86a33457f4c0c6b,
MF8A6422.JPG,bej-renkli-toz-mf8a6422,beige,powders,NO,28e69938be65ccc424dc5fe2e5b6ad5d258decb3e0c98db99f1dbe523356624e,
MF8A6423.JPG,cizgili-tohumlar-mf8a6423,ribbed,seeds,NO,6cebd8fc010e463288e97efdabafa163ac6170a1c98b5de675732a7570e34ad6,
MF8A6424.JPG,kuru-bitki-karisimi-mf8a6424,blend,blends,NO,1b2b26d867be9218e6151c367be536f0b6138985b8590e844df1f0b3aec2f05d,
MF8A6426.JPG,turuncu-toz-mf8a6426,orange,powders,NO,fbb3209a9c98523ec4baa51913595f73085a20752f61506c8e86b7eb5431c254,
MF8A6427.JPG,acik-tane-karisimi-mf8a6427,grainmix,seeds,NO,3e5af2665449b80b4947d7102db9f678baafd1caa1704b38637913efdb742e73,
MF8A6428.JPG,koyu-kuru-yapraklar-mf8a6428,darkleaf,herbs,NO,c90b080429d8e9f91df30045449207ba453c4ecc48a80a79f3c3d94453c29167,
MF8A6430.JPG,kurutulmus-kirmizi-taneler-mf8a6430,berries,spices,NO,0206c0b0b7569d44ae4d835f0ef4e4565757ae2ddbb56d9705623e54da0462f2,
MF8A6431.JPG,meyve-parcali-karisim-mf8a6431,fruitblend,blends,NO,e1144c33f2ba1f65d4fddace6329bab87572ad5710292f6b4151ae3392b78997,
MF8A6432.JPG,cicek-yaprak-karisimi-mf8a6432,flowerblend,blends,NO,c167d96eec2e91bd196314af4678e312cfdfa529c199852a41effae86f83b1e1,
MF8A6433.JPG,meyve-parcali-karisim-mf8a6433,fruitblend,blends,NO,bd2a9c5f53bd9d76836fb6f326dfd36788de9a681a5cf1faef634ff40a16af11,
MF8A6434.JPG,kuru-kok-parcalari-mf8a6434,roots,bark,NO,c67f4bab1abbcf9905f07eda5778c2133fa4f523a5961e3f58b353a6beb3fdbf,
MF8A6435.JPG,ufalanmis-kuru-bitki-mf8a6435,herb,herbs,NO,a72b138f416cf43bc5e382f52d030e4d33cecc4154c59a4d8b8bb1b6c81e06a5,
MF8A6436.JPG,kuru-kok-parcalari-mf8a6436,roots,bark,NO,d4178b3906300dfda4156fefb59fedd9852dfc8aec6e4648416bd6fa1d18399e,
MF8A6437.JPG,kuru-bitki-karisimi-mf8a6437,blend,blends,NO,304d88f25716d2a6455f7014e3037aee5a857279a690d9c2b73d434ef4913883,
MF8A6439.JPG,bej-renkli-toz-mf8a6439,beige,powders,NO,bab9aa5475d022df2c383db615e901e0210e5dfcdf1facf3441c8e71f993de96,
MF8A6440.JPG,gumusi-uzun-yapraklar-mf8a6440,silver,herbs,NO,46a2fd47232d35d0b3a3c80e3fc12f5db1427b583afba2ac93ec9008f68305ce,
MF8A6441.JPG,koyu-yuvarlak-taneler-mf8a6441,darkround,spices,NO,826fe2d53a04746578304dc417c1a6048b11f26a56356c54f6584bb4dd76b8a3,
MF8A6442.JPG,acik-yuvarlak-taneler-mf8a6442,paleround,spices,NO,ccda814d53e9de6f9581ec9407784309dfe296427e9349b3b058d1d2e0e63365,
MF8A6443.JPG,kuru-bitki-karisimi-mf8a6443,blend,blends,NO,64bce2bfb16eb4707d2314eed991e1844c7f5ba04840569825ed95e5dc7db2b4,
MF8A6444.JPG,cicek-yaprak-karisimi-mf8a6444,flowerblend,blends,NO,acf8b96a3036073ec65b18be0ec368aad86a80e0aa06a201d0c6a3bc41e52d19,
MF8A6445.JPG,koyu-kuru-yapraklar-mf8a6445,darkleaf,herbs,NO,6e5a9de6b2d1fffe45840dd87225b2530f64bf6b8af48c5846e2e4cb11ea68a8,
MF8A6447.JPG,kahverengi-toz-mf8a6447,brown,powders,NO,91f6aed03f762ea7462bde2e7d72983cc6f28bc3632a65582f119b9e0ff498a0,
MF8A6448.JPG,yesil-toz-mf8a6448,green,powders,NO,49ce9c50dee052e29c522e737a715a0af00aca166c2b0e9af62022c3e9326626,
MF8A6449.JPG,sari-turuncu-cicekler-mf8a6449,orangeflower,flowers,NO,a7e4691f5c17a66d725914b8a2baecb4c132136ae2642f115e3d0784b75ea42b,
MF8A6453.JPG,ufalanmis-kuru-bitki-mf8a6453,herb,herbs,NO,975ae6be51e0b44be86d407ccda5e53fc25a0684aaeb9308e24d459b53693ed2,
MF8A6454.JPG,ufalanmis-kuru-bitki-mf8a6454,herb,herbs,NO,14f4923a8d1e6bff6b537bb17cc343c88f759995a6ae5e559b4fedc210251062,
MF8A6455.JPG,kirmizi-toz-mf8a6455,red,powders,NO,cac017dd4a4cef50ca422b8d1d410fdfc28e04a642446fddab5d4aa415d98e80,
MF8A6456.JPG,kirmizi-toz-mf8a6456,red,powders,NO,c174317e99064c3ccc5cdd3312e9e157d241981b58ff50630f58e101f93f4ab8,
MF8A6457.JPG,kirmizi-toz-mf8a6457,red,powders,NO,7bba69415a7e6a0bd69e7ec89ff944e11ceeb2bf5c51c065b632a2f01f6aa27a,
MF8A6458.JPG,kirmizi-toz-mf8a6458,red,powders,NO,95130424698ee89791ca568e7369b6c398534692dca0c21697993a17ce1575cb,
MF8A6459.JPG,kirmizi-biber-pullari-mf8a6459,chili,spices,NO,e612ea335e30784bdae723ebc7f9e745a66de8d0fdb7ddff7df1a1a50e538175,
MF8A6460.JPG,koyu-renkli-pullar-mf8a6460,darkflakes,spices,NO,c5147a9b17960aa8d82bca0434825093742f7a56fc9dbc4b29c2827fb371b90d,
MF8A6461.JPG,kirmizi-biber-pullari-mf8a6461,chili,spices,NO,0c59d6a83cab7b2911876a0965fbe43547bc2f88e2205e97931d555c849b0a9e,
MF8A6463.JPG,kirmizi-biber-pullari-mf8a6463,chili,spices,NO,3bfe6641ef961a73f8b751fb6dd428ab6ec237fe3f2abca49097e0d30d33d2bf,
MF8A6464.JPG,cizgili-tohumlar-mf8a6464,ribbed,seeds,NO,5a11a7f4aaa8de645d98e0c20394ef44fc0c864ad69f49b35819af6e16a91545,
MF8A6465.JPG,toprak-tonlu-toz-mf8a6465,ochre,powders,NO,e21c2c5a33938212aade2c0a92830952c999d7cd886d7fb9043cbd05a8fc8cb0,
MF8A6467.JPG,krem-renkli-cekirdekler-mf8a6467,cream,seeds,NO,12c9b1352931a449a566f0b9c92f594d4ecd38a8b57fafa588904d280e4cabc8,
MF8A6470.JPG,beyaz-tanecikler-mf8a6470,whitegrains,powders,NO,f58a1a4d2336a6c425e7ead29a83e6700d73ca5dbf160a8a4ad37a67d7b076bd,
MF8A6471.JPG,cizgili-tohumlar-mf8a6471,ribbed,seeds,NO,73e749f9a6df733c84b3a9b7bfe11be68ee4611f01b8d239291a912e95ab69e6,
MF8A6472.JPG,kahverengi-toz-mf8a6472,brown,powders,NO,824bf57b3d46cea99083c3fbca238527b2f1be440abff1384749d81bbbec03ff,
MF8A6473.JPG,sari-kok-parcalari-mf8a6473,yellowroot,bark,NO,3bccb3c1aa9c91290ee0bb3dacbb055837be327cecf4aa89baec8c616eae2f76,
MF8A6475.JPG,toprak-tonlu-toz-mf8a6475,ochre,powders,NO,c03af9f22b255f61dffebd32047192af2f1530a5632599149911f74a3b9eda53,
MF8A6476.JPG,grimsi-pembe-tanecikler-mf8a6476,pink,powders,NO,2210e9e7b9b48e35de6e8c27122fba98655b9ac1e30c0d458d60aa36d337f4e3,
MF8A6480.JPG,toprak-tonlu-toz-mf8a6480,ochre,powders,NO,186df95070b978d41f3c5bb2ca340d859f120d444723ba68a5cdd54e34d5e685,
MF8A6481.JPG,igne-bicimli-yapraklar-mf8a6481,needle,herbs,NO,94203dc3adb10a86a1a4422404d2e38aa48dc55502d8b7016f936b27a39b041e,
MF8A6482.JPG,oval-butun-baharat-taneleri-mf8a6482,nutmeg,spices,NO,baa9655623b039106ac7bbac9234f5f0c8b1771af88d180ed2c1d4f8cccc02e6,
MF8A6484.JPG,gri-toz-mf8a6484,grey,powders,NO,f11007af09e61b8280f8e6dd17fa36d1e062061d81ba3544d3bd89cf2b48c262,
MF8A6486.JPG,kurutulmus-meyve-dilimleri-mf8a6486,fruitslice,spices,NO,eec0125bf946f3a309ea9d052b9f46fe53ddb35385c2d6c7d90e68a971e41851,
MF8A6487.JPG,mor-cicek-parcalari-mf8a6487,purpleflower,flowers,NO,5ad03ae3449f6ad3aacb5b68aef966188e56052c7351219865fdf91365cd1d3f,
MF8A6489.JPG,beyaz-kristaller-mf8a6489,crystals,powders,NO,5b2d3aab3d007f51f89ae71ff6791db10878e0ff577ef4024471ee2120f4373c,
MF8A6491.JPG,ufalanmis-kuru-bitki-mf8a6491,herb,herbs,NO,5e1d55d6f62f523f56a8af3ab974f6824a509801dd4d8062eb67f4927c34d743,
MF8A6493.JPG,kahverengi-butun-taneler-mf8a6493,brownberry,spices,NO,ed9b0f86820edd2fb285bb445f190c4f0f3e6e2b9d53aa05d07d81cc5f043e42,
MF8A6496.JPG,kahverengi-toz-mf8a6496,brown,powders,NO,3686dfd351d1c79a04a1b09c7aeaceba914b98a9301abe7e1ad789825ab1fff8,
MF8A6497.JPG,yesil-toz-mf8a6497,green,powders,NO,f8bc186bf453da2c8086a61e33c33ecd1700a27a9780937f0d31899431d46a77,
MF8A6498.JPG,yesil-toz-mf8a6498,green,powders,NO,70bb17e03f8f716aece47c68c6d5a9b04a2db4c4107f17138c0ec775cc5731f4,
MF8A6500.JPG,yesil-toz-mf8a6500,green,powders,NO,976ead611bedc618efdea785fe11ca2adb2a260f22c5ec7c4870ad865f865a1e,
MF8A6502.JPG,gri-toz-mf8a6502,grey,powders,NO,067adef48a3dd6f0553ceea199517e2f89bc8a77d48beb29f5ab4430a53302dc,
MF8A6504.JPG,beyaz-toz-mf8a6504,white,powders,NO,cda7810d1ce65cfca44e7c802536ac5905d4923f58eb2fe791233fd8286ed2bd,
MF8A6505.JPG,kuru-bitki-karisimi-mf8a6505,blend,blends,NO,ee3dd6418352db08e90a131b36e455f416a08e6a16edc5cd8ca1348c926893df,
MF8A6508.JPG,kuru-yaprak-parcalari-mf8a6508,leaf,herbs,NO,81c20cb798795c764dcadac7e1a781be3503724d8af16802b1fabe4b6bac75cf,
MF8A6510.JPG,yesil-toz-mf8a6510,green,powders,NO,9eb154692b9a48dc3a8dbf6ac4ba7fc535997ca64e2e8d001079dbf36d3ca7b9,
MF8A6512.JPG,yesil-toz-mf8a6512,green,powders,NO,f70ce4c3dbdfa69de54d8c0bd61b99c6c407bcb52e9abb1df0b7d67447aeac6f,
MF8A6513.JPG,yesil-toz-mf8a6513,green,powders,NO,fc8bd61dbc6efcd7106174666ee695c0804ecf48e1f5167286a4281d68a1bd4f,
MF8A6514.JPG,kuru-yaprak-parcalari-mf8a6514,leaf,herbs,NO,9889421ed96a3d8e306624d222bc04c8df64c823cd3d17093e643c8750e0ff89,
MF8A6515.JPG,ufalanmis-kuru-bitki-mf8a6515,herb,herbs,NO,1585070e0f848f3102e6f0672663c11656a4f1ca332f029acf3365695266a918,
MF8A6518.JPG,ufalanmis-kuru-bitki-mf8a6518,herb,herbs,NO,964223abd07fe2b00c6794027cafc46d1304c5c101b21edb5e364b057522ed13,
MF8A6519.JPG,altin-rengi-taneler-mf8a6519,gold,seeds,NO,8abdde17ddbcb33e49d81a330e7f753ab4b2256986b0bce65010acd003ec0e48,
MF8A6520.JPG,bordo-cicek-parcalari-mf8a6520,burgundyflower,flowers,NO,1c692966ed88bb987d1e7224782f458fe66130f0f058e52abe7520f705cd5936,
MF8A6522.JPG,beyaz-kristaller-mf8a6522,crystals,powders,NO,7f1529d88d0055e30bc09a2055bd10bf307c8bcc3c910b736c86597d10f89fee,
MF8A6523.JPG,kuru-kok-parcalari-mf8a6523,roots,bark,NO,ebac0a395b996f49b61521bb0561405885db87e0f115d909659cb20828d5225e,
MF8A6524.JPG,gri-kucuk-tohumlar-mf8a6524,greyseed,seeds,NO,b6d3095ab7e327ac6ce546cd2e142fbd645a9ae740f8f788ba755c1e47c33e15,
MF8A6526.JPG,kabuk-parcalari-mf8a6526,bark,bark,NO,99b2c28da25e5e55f88801a07b38006857253276363093de2373e06a27fd16ec,
MF8A6527.JPG,tarcin-cubuklari-mf8a6527,cinnamon,bark,NO,fac8ba24e87dbf53ca672237e731dd86c072da3d7561d711f4bd6d425abf4357,
MF8A6531.JPG,gumusi-kuru-bitki-demeti-mf8a6531,greybundle,herbs,NO,b3b3eae4d0984f5351393e6fee32ab6516d73c2ebf4757dd139d31e6ec939ce8,
MF8A6533.JPG,ince-yesil-saplar-mf8a6533,stems,herbs,NO,8e883de1470c926c578c156ddc84dac015016df09f6f943d31185bbbb9b6e23c,
MF8A6534.JPG,kuru-yaprak-parcalari-mf8a6534,leaf,herbs,NO,b089ad0e57f654365b35fc21a62af06347c0f9dbdf73c296f1728484ee5b87c9,
MF8A6535.JPG,acik-cicek-yaprak-karisimi-mf8a6535,paleblend,blends,NO,baa36abe7225c89cb54eee05b549da0c68feb9a52373289d2793b4f8fcfffa3e,
MF8A6536.JPG,koyu-kuru-yapraklar-mf8a6536,darkleaf,herbs,NO,5a635e2b3de2d7af723b63976fb18d993c25258996800e37a59d5e5a97a4f88c,
MF8A6538.JPG,kizil-ince-lifler-mf8a6538,fibres,herbs,NO,bffd9bddb7fa8ad2edb79ca57fc9a48f2faca36c5d640de6db461a196b3b1164,
MF8A6540.JPG,kuru-bitki-karisimi-mf8a6540,blend,blends,NO,2e524f07ef04ff37522a7306489493cf921e0d7c0cb4097abd7d6aaff2e8e9e5,
MF8A6541.JPG,gumusi-uzun-yapraklar-mf8a6541,silver,herbs,NO,f8f353a736084a179d5501928ac1b522d550dbf673f29048559808abb1a63ac0,
MF8A6542.JPG,butun-kuru-yapraklar-mf8a6542,wholeleaf,herbs,NO,56d3fe8b3ca92c59c5dc2b0682c9673d68270748ec7bf5d81b23dc3622098adb,
MF8A6543.JPG,kuru-kok-parcalari-mf8a6543,roots,bark,NO,89c926e94db02d488435c95e874fad2ad0788ce5404e678be76dd047c94a58a3,
MF8A6544.JPG,cicekli-kuru-dallar-mf8a6544,flowerstems,flowers,NO,50a69a52377450b5119f188d6b28d9692a06217d294eb39ce517bac0dbe8bd25,
MF8A6548.JPG,gumusi-kuru-bitki-demeti-mf8a6548,greybundle,herbs,NO,8c086216c664a81bfc7ca8a385468228977fd6c6ce5178c7de2c1a21fd650b5e,
MF8A6549.JPG,mor-cicekli-demet-mf8a6549,purplebundle,flowers,NO,32fda8ac2897ef438ee213d89b321564cb69ab98b5a1b0f768d170cf43f0cb8e,
MF8A6551.JPG,acik-cicekli-demet-mf8a6551,palebundle,flowers,NO,af93ef9df20568e955a88e9741b2b06e9e5b2438f7b28cca44d0d0b0c406c00f,
MF8A6552.JPG,koyu-cicekli-demet-mf8a6552,darkbundle,flowers,NO,1146f9b878cb1d9319fda0b33056a3d2934f3cc7ab4be4dc3fa86e3bcbc8b214,
MF8A6553.JPG,kuru-yaprak-parcalari-mf8a6553,leaf,herbs,NO,40f3edf8cbaae935fdf7ea2b142b10ad31db81ab9cbc914691e21e4a33e47f37,
MF8A6554.JPG,ufalanmis-kuru-bitki-mf8a6554,herb,herbs,NO,f62abe29beb41924c7e7e4a5c706c5d6e8b1cba19452bc67b4f83aff89133491,
MF8A6556.JPG,kuru-bitki-karisimi-mf8a6556,blend,blends,NO,f422234f95a19b3ef75f7e4e81e2f2680ce28a7a5c958d5668f2f7f0d4c4e4b5,
MF8A6557.JPG,kuru-kok-parcalari-mf8a6557,roots,bark,NO,d8746fda41f275cc708f2af21a5612bc92ca72251df84be60b37697958f4010a,
MF8A6558.JPG,kuru-yaprak-parcalari-mf8a6558,leaf,herbs,NO,1bfd194ff0ad3e60b7af70352dbfc393d189b5424a872e42c3b3aa041b4b4d02,
MF8A6560.JPG,kuru-kok-parcalari-mf8a6560,roots,bark,NO,d175761e739930ec22e927c5cf90c5038e00530af463a2feb90a516a9308d8aa,
MF8A6562.JPG,ufalanmis-kuru-bitki-mf8a6562,herb,herbs,NO,46ef0e9eb97e1c1399d0ab618c74235bacc8d669bf5c9bfc3e3885f3e65bf4af,
MF8A6563.JPG,kuru-bitki-karisimi-mf8a6563,blend,blends,NO,17defa723fa3945b5f9585ff3ec6431e0c5cf6e35761f89831cd68ccf32b053e,
MF8A6565.JPG,sari-beyaz-cicek-baslari-mf8a6565,chamomile,flowers,NO,a3d47c4884b421e2d2e861459df36b7b03d4fe8d6b5c24526493676a720b7f07,
MF8A6567.JPG,renkli-kuru-karisim-mf8a6567,seasoning,blends,NO,d01d7c14287dff79126c33702811b46cb0b2f7ba39952b4994aefecdd2e2fc8f,
MF8A6568.JPG,renkli-kuru-karisim-mf8a6568,seasoning,blends,NO,f14e1f3452a1c2e9e720e9d2911cfccc49ac8c067424500fbf3adc564b677267,
MF8A6569.JPG,gri-kucuk-tohumlar-mf8a6569,greyseed,seeds,NO,ebdec1aa929d93c5e1cf1f2533ac07a9c7f94610c61e687ee337872046c15806,
MF8A6570.JPG,beyaz-tanecikler-mf8a6570,whitegrains,powders,NO,46aa5aad69c09923946e6bed59878749a71970322d1f95fc15dde8f7732d1f6d,
MF8A6571.JPG,karanfil-taneleri-mf8a6571,cloves,spices,NO,0521ba1e25e06cf58fef997ead8c2f92a1b74b76413e821c67d0eeed1c4b9ca8,
MF8A6572.JPG,kuru-bitki-karisimi-mf8a6572,blend,blends,NO,765bb5a968d1ce52ac82183ea4cd0abafb11d2ed80271ad66b19c4b5f24ca935,
MF8A6574.JPG,cicek-yaprak-karisimi-mf8a6574,flowerblend,blends,NO,6bb4e90f5b1073544daca04c6de08b697be2f74e5d14d4aba2128574b1d5dbc7,
MF8A6575.JPG,kirmizi-toz-mf8a6575,red,powders,NO,0c3bba6007e7f42cf70773742962183d2739b0569e44d1b4f9d894742c67187c,
MF8A6576.JPG,renkli-kuru-karisim-mf8a6576,seasoning,blends,NO,e9e9413da0e2e7e768829698cbecf322154e2601ac8930cafe675c0ab34154bf,
MF8A6577.JPG,turuncu-toz-mf8a6577,orange,powders,NO,f7b3061fb19ea38b8016047d4ca51b399cd782ed35fc895eba350241860d7791,
MF8A6579.JPG,renkli-kuru-karisim-mf8a6579,seasoning,blends,NO,e3567ba36bd138a2486be9c8d768ae8ec101f3c79afafe363749461d39320838,
MF8A6580.JPG,renkli-kuru-karisim-mf8a6580,seasoning,blends,NO,b115c0b3f86527c9f6427d676cc7098dbf7c0899a9269519e7f1137f4e672712,
MF8A6581.JPG,turuncu-toz-mf8a6581,orange,powders,NO,ea458edda0600831b2910d2357d19e76c7a7953ae5d409744a7671e0d48896b7,
MF8A6583.JPG,renkli-kuru-karisim-mf8a6583,seasoning,blends,NO,dd964dea8beddaba6fe504e903cc7335886519460836fe26d294cdbd570875bf,
MF8A6584.JPG,renkli-kuru-karisim-mf8a6584,seasoning,blends,NO,dc1c28668414841dd5f612349b32367ea7418b261c2bac20e9d46300083d0516,
MF8A6586.JPG,kirmizi-toz-mf8a6586,red,powders,NO,421f022dbbb28d30d1702ca3b00c2644dac627d97b6be4a9ef9009449959b3e5,
MF8A6587.JPG,kirmizi-toz-mf8a6587,red,powders,NO,706bcc2764527dbe2be367714a3f47c9c4553ad2a5ca5d94900330d607c72525,
MF8A6589.JPG,ufalanmis-kuru-bitki-mf8a6589,herb,herbs,NO,7a66b68d5dcd1285fede74482b871edaf991d7b4c0a212edb419751bef60e9dc,
MF8A6590.JPG,renkli-kuru-karisim-mf8a6590,seasoning,blends,NO,3f8aa8c9b15231eb892103d5619bc9edc003ed52968644f766fb52f83067dffd,
MF8A6591.JPG,toprak-tonlu-toz-mf8a6591,ochre,powders,NO,ed840634357cbc3f055db20cbdde1b6c39c48d34f5d6f526083f9eafae1b0c26,
MF8A6592.JPG,kahverengi-toz-mf8a6592,brown,powders,NO,1ecdc74d20cf3e7427805d733fe6431178fc62dde8d1f6f1c6c2875770b96ee8,
MF8A6593.JPG,kirmizi-toz-mf8a6593,red,powders,NO,e4f04b228579067d936f14f83408f8e6d118dcecba6bd72373bb9a22f1a06e81,
MF8A6594.JPG,kuru-kok-parcalari-mf8a6594,roots,bark,NO,58d340cc98277019b35b97933ef9153bee34081ef47b75ab044623b32b1caa2d,
MF8A6595.JPG,kahverengi-toz-mf8a6595,brown,powders,NO,de343c1849b9276bba746c0bfdc31cac8d3af77b948d03b2bdd414b828046313,
MF8A6596.JPG,cicek-yaprak-karisimi-mf8a6596,flowerblend,blends,NO,12fa447461081a4286971e7e8fcfb41bb6dc58cbe9cfeebf0d3e76fa9bb5a293,
MF8A6597.JPG,meyve-parcali-karisim-mf8a6597,fruitblend,blends,NO,2d6f135ea8f52dcfb258713249314f92ac9bd34f5c0ac687f4955ad1210e2796,
MF8A6599.JPG,koyu-kuru-yapraklar-mf8a6599,darkleaf,herbs,NO,81547840bb8580ecbd2b1b5e51a6a6a1a8908ad84cf923d690cbcc63eb351f16,
MF8A6600.JPG,meyve-parcali-karisim-mf8a6600,fruitblend,blends,NO,21cdb32b6856e82cbcb97f5b3eaef5716d1275d4e055db85ad901e4d62efdb4f,
MF8A6602.JPG,meyve-parcali-karisim-mf8a6602,fruitblend,blends,NO,1aff8665056d5f5ae6435427f8865bd4a9f558355ca366c5c23ad2758a903109,
MF8A6603.JPG,meyve-parcali-karisim-mf8a6603,fruitblend,blends,NO,428e658be2386162cc7217355c794a4e4a7feeec5e26c439f36cfbfbe8282063,
MF8A6604.JPG,kuru-bitki-karisimi-mf8a6604,blend,blends,NO,140cdb06248ffbe19ce567fa7e6a5f4c234371eea2cd11eda866be8ad0c5a6c3,
MF8A6605.JPG,kuru-bitki-karisimi-mf8a6605,blend,blends,NO,406b2577455779f5bdb00cab3ee1443280c89f2a0288b85dc4a22d6cd23e9826,
MF8A6606.JPG,meyve-parcali-karisim-mf8a6606,fruitblend,blends,NO,33993b8d6f4ba265504678d73a383d8dc79e6d3340727572af3faa41f83326b9,
MF8A6607.JPG,ufalanmis-kuru-bitki-mf8a6607,herb,herbs,NO,91e51793f313811a5e1fda07a523686d1e23994a34930e12b1aff3f06fd03900,
MF8A6608.JPG,ufalanmis-kuru-bitki-mf8a6608,herb,herbs,NO,f1fc5bc4dcf4fbba596d3ec3378eb676e79cded67e3294b103a3df8e7b44360a,
MF8A6609.JPG,renkli-yuvarlak-taneler-mf8a6609,peppermix,spices,NO,f94dde7a834eea3b843e9f813d18046607b0ac6043f994c390b499ab91294a36,
MF8A6610.JPG,kakule-kapsulleri-mf8a6610,cardamom,spices,NO,fca6be31ef0b725500c44f71d1e1c40637e32478dddad235e46214617622e51a,
MF8A6611.JPG,yildiz-anason-mf8a6611,star,spices,NO,a8905def0ce43ac41208d590dfa1dc96859541b23483dd91048c1dbbf36e04af,
MF8A6613.JPG,kavanozda-kirmizi-toz-mf8a6613,jar,powders,NO,e83f66d7696905337b8409b80db463971b4b4a70cc3d73c697a1213f9c565462,
