id;durum;ad (kaynak);kategori (kaynak);fiyat (kaynak, €);fiyat birimi (kaynak);kaynak miktar;gramaj (net g) *;satış birimi (adet/paket/şişe/kavanoz/kg) *;kim hazırladı (Taha / üretici adı) *;içindekiler (gıda) *;alerjen (gıda) *;menşe (ülke/bölge) *;son kullanma / raf ömrü;INCI (kozmetik) *;sorumlu kişi (kozmetik);stok (adet);KDV dahil mi (E/H) *;foto dosya adı;ad düzeltme (TR);not
DT001;VİTRİNDE;Kiraz ve Vişneli lokum;Lokumlar;17.90;kg;;;;;;;;;;;;;;;
DT002;VİTRİNDE;Gül Lokumu;Lokumlar;15.90;kg;;;;;;;;;;;;;;;
DT003;VİTRİNDE;Hibiskus ve Kızılcık lokumu;Lokumlar;15.90;kg;;;;;;;;;;;;;;;
DT004;VİTRİNDE;İncir ve Bal lokumu;Lokumlar;15.90;kg;;;;;;;;;;;;;;;
DT005;VİTRİNDE;Ormanmeyvesi lokumu;Lokumlar;15.90;kg;;;;;;;;;;;;;;;
DT006;VİTRİNDE;Nar lokumu;Lokumlar;15.90;kg;;;;;;;;;;;;;;;
DT007;VİTRİNDE;Fıstık ve kuvertura lokumu;Lokumlar;17.90;kg;;;;;;;;;;;;;;;
DT008;YAYIN BEKLİYOR;Melomakarno;Lokumlar;;ürün;;;;;;;;;;;;;;;
DT009;VİTRİNDE;Fındık ezmesi lokumu;Lokumlar;17.90;kg;;;;;;;;;;;;;;;
DT010;VİTRİNDE;Antep fıstıklı lokum;Lokumlar;17.90;kg;;;;;;;;;;;;;;;
DT011;VİTRİNDE;Frambuz ve zereşk üzüm lokumu;Lokumlar;17.90;kg;;;;;;;;;;;;;;;
DT012;VİTRİNDE;Lotus lokumu;Lokumlar;17.90;kg;;;;;;;;;;;;;;;
DT013;VİTRİNDE;Kestane lokumu;Lokumlar;17.90;kg;;;;;;;;;;;;;;;
DT014;VİTRİNDE;Dışı çikolata kaplamalı lokum;Lokumlar;17.90;kg;;;;;;;;;;;;;;;
DT015;VİTRİNDE;Çikolata ve kuvertura lokumu;Lokumlar;17.90;kg;;;;;;;;;;;;;;;
DT016;VİTRİNDE;Fındık sarması;Lokumlar;17.90;kg;;;;;;;;;;;;;;;
DT017;VİTRİNDE;Acve hurma;Lokumlar;18.00;kg;;;;;;;;;;;;;;;
DT018;VİTRİNDE;Kabak lifli vücud sabunu (Yeşil elma aromalı);Sabunlar;4.20;ürün;;;;;;;;;;;;;;;
DT019;VİTRİNDE;Kabak lifli vücud sabunu (Okyanus aromalı);Sabunlar;4.20;ürün;;;;;;;;;;;;;;;
DT020;VİTRİNDE;Kabak lifli vücud sabunu (Zambak aromalı);Sabunlar;4.20;ürün;;;;;;;;;;;;;;;
DT021;VİTRİNDE;Kabak lifli vücud sabunu (Lavanta aromalı);Sabunlar;4.20;ürün;;;;;;;;;;;;;;;
DT022;VİTRİNDE;Kabak lifli vücud sabunu (Kavun aromalı);Sabunlar;4.20;ürün;;;;;;;;;;;;;;;
DT023;VİTRİNDE;Kabak lifli vücud sabunu (Çuhaçiçeği aromalı);Sabunlar;4.20;ürün;;;;;;;;;;;;;;;
DT024;VİTRİNDE;Kabak lifli vücud sabunu (Nar aromalı);Sabunlar;4.20;ürün;;;;;;;;;;;;;;;
DT025;VİTRİNDE;Kabak lifli vücud sabunu (Ahududu aromalı);Sabunlar;4.20;ürün;;;;;;;;;;;;;;;
DT026;VİTRİNDE;Kabak lifli vücud sabunu (Hindistancevizi aromalı);Sabunlar;4.20;ürün;;;;;;;;;;;;;;;
DT027;VİTRİNDE;Doğal yüz sabunu (Eşeksütü ve Nar suyu);Sabunlar;5.30;ürün;;;;;;;;;;;;;;;
DT028;VİTRİNDE;Doğal sabun (Sandalağacı ve Tarçın);Sabunlar;5.00;ürün;;;;;;;;;;;;;;;
DT029;VİTRİNDE;Doğal yüz sabunu (Havuç suyu ve Aynısefa);Sabunlar;4.60;ürün;;;;;;;;;;;;;;;
DT030;VİTRİNDE;Doğal yüz sabunu (Balmumu ve Keçi sütü);Sabunlar;4.60;ürün;;;;;;;;;;;;;;;
DT031;VİTRİNDE;Doğal yüz sabunu (Lavanta ve Çay ağaçı);Sabunlar;4.90;ürün;;;;;;;;;;;;;;;
DT032;VİTRİNDE;Doğal yüz sabunu (Çamkatranı ve Çay ağacı yağı);Sabunlar;5.20;ürün;;;;;;;;;;;;;;;
DT033;VİTRİNDE;Doğal yüz sabunu (Yeşil kil ve Nane);Sabunlar;5.20;ürün;;;;;;;;;;;;;;;
DT034;VİTRİNDE;Doğal yüz sabunu (İpek ve Aktifkarbon);Sabunlar;6.70;ürün;;;;;;;;;;;;;;;
DT035;VİTRİNDE;Bıttım sabunu;Sabunlar;4.50;ürün;;;;;;;;;;;;;;;
DT036;VİTRİNDE;Zeytinyağlı hamam sabunu;Sabunlar;4.50;ürün;;;;;;;;;;;;;;;
DT037;VİTRİNDE;Doğal kükürtlü sabun;Sabunlar;3.70;ürün;;;;;;;;;;;;;;;
DT038;VİTRİNDE;Kabak lifli vücud ve yüz sabunu ( Keçi sütlü );Sabunlar;4.00;ürün;;;;;;;;;;;;;;;
DT039;VİTRİNDE;Kabak lifli vücud ve yüz sabunu ( Eşek sütlü );Sabunlar;4.00;ürün;;;;;;;;;;;;;;;
DT040;VİTRİNDE;Kabak lifli vücud ve yüz sabunu ( Kollajenli );Sabunlar;4.00;ürün;;;;;;;;;;;;;;;
DT041;VİTRİNDE;Kabak lifli vücud ve yüz sabunu ( Şia yağlı );Sabunlar;4.00;ürün;;;;;;;;;;;;;;;
DT042;VİTRİNDE;Kabak lifli vücud ve yüz sabunu ( Pirinçli );Sabunlar;4.00;ürün;;;;;;;;;;;;;;;
DT043;VİTRİNDE;Lauradenti bitkisel diş macunu flörsüz SLS, SLES, PARABEN içermez;Kişisel bakım ürünleri;7.00;ürün;;;;;;;;;;;;;;;
DT044;VİTRİNDE;Lauradenti bitkisel diş macunu aktif karbonlu ekstra diş beyazlatıcı flörsüz SLS, SLES, PARABEN içermez;Kişisel bakım ürünleri;7.00;ürün;;;;;;;;;;;;;;;
DT045;VİTRİNDE;Naturalive Çocuk diş macunu (SLS, Paraben, Triclosan, Flörür İÇERMEZ);Kişisel bakım ürünleri;4.50;ürün;;;;;;;;;;;;;;;
DT046;VİTRİNDE;Naturalive Diş macunu (SLS, Paraben, Triclosan, Flörür İÇERMEZ);Kişisel bakım ürünleri;5.00;ürün;;;;;;;;;;;;;;;
DT047;VİTRİNDE;Deflin şampuan bitki özlü defne şampuanı;Kişisel bakım ürünleri;10.00;ürün;;;;;;;;;;;;;;;
DT048;VİTRİNDE;Naturalive doğal deodorant (stick) alüminyum-paraben-alkol içermez. 5.5ph;Kişisel bakım ürünleri;10.00;ürün;50.0 g;;;;;;;;;;;;;;
DT049;VİTRİNDE;Doğal gül suyu;Kişisel bakım ürünleri;6.40;ürün;100.0 ml;;;;;;;;;;;;;;
DT050;VİTRİNDE;Kaş kirpik serumu;Kişisel bakım ürünleri;6.00;ürün;;;;;;;;;;;;;;;
DT051;VİTRİNDE;Saç bakım yağı;Kişisel bakım ürünleri;11.50;ürün;;;;;;;;;;;;;;;
DT052;YAYIN BEKLİYOR;Saç egzeması yağı;Kişisel bakım ürünleri;10.00;ürün;;;;;;;;;;;;;;;
DT053;VİTRİNDE;Aloevera jel;Kişisel bakım ürünleri;6.50;ürün;;;;;;;;;;;;;;;
DT054;YAYIN BEKLİYOR;Doğal botoks etkili kuyruk yağı kremi;Doğal kremler;17.00;ürün;30.0 ml;;;;;;;;;;;;;;
DT055;VİTRİNDE;Cilt yenileyici krem;Doğal kremler;12.00;ürün;30.0 ml;;;;;;;;;;;;;;
DT056;YAYIN BEKLİYOR;Pişik krem;Doğal kremler;12.00;ürün;30.0 ml;;;;;;;;;;;;;;
DT057;YAYIN BEKLİYOR;Basur kremi;Doğal kremler;12.00;ürün;30.0 ml;;;;;;;;;;;;;;
DT058;YAYIN BEKLİYOR;Sedef egzema kremi;Doğal kremler;12.00;ürün;30.0 ml;;;;;;;;;;;;;;
DT059;VİTRİNDE;Doğal vazelin;Doğal kremler;12.00;ürün;30.0 ml;;;;;;;;;;;;;;
DT060;YAYIN BEKLİYOR;Sivilce Akne kremi;Doğal kremler;17.00;ürün;30.0 ml;;;;;;;;;;;;;;
DT061;VİTRİNDE;Masaj için kuyruk yağlı krem;Doğal kremler;12.00;ürün;;;;;;;;;;;;;;;
DT062;VİTRİNDE;Hint yağı;Esansiyel yağlar;4.50;ürün;100.0 ml;;;;;;;;;;;;;;
DT063;YAYIN BEKLİYOR;Cocova yağı;Esansiyel yağlar;12.00;ürün;100.0 ml;;;;;;;;;;;;;;
DT064;VİTRİNDE;Avokado yağı;Esansiyel yağlar;6.00;ürün;100.0 ml;;;;;;;;;;;;;;
DT065;VİTRİNDE;Tatlı Badem yağı;Esansiyel yağlar;3.50;ürün;100.0 ml;;;;;;;;;;;;;;
DT066;VİTRİNDE;Nar çekirdeği yağı;Esansiyel yağlar;4.00;ürün;30.0 ml;;;;;;;;;;;;;;
DT067;VİTRİNDE;Üzüm çekirdeği yağı;Esansiyel yağlar;4.50;ürün;30.0 ml;;;;;;;;;;;;;;
DT068;VİTRİNDE;Kuşburnu yağı;Esansiyel yağlar;4.50;ürün;20.0 ml;;;;;;;;;;;;;;
DT069;VİTRİNDE;İncir çekirdeği yağı;Esansiyel yağlar;9.90;ürün;30.0 ml;;;;;;;;;;;;;;
DT070;VİTRİNDE;Sarımsak yağı;Esansiyel yağlar;7.50;ürün;30.0 ml;;;;;;;;;;;;;;
DT071;VİTRİNDE;Aynısefa yağı;Esansiyel yağlar;3.00;ürün;20.0 ml;;;;;;;;;;;;;;
DT072;VİTRİNDE;Kayısı çekirdeği yağı;Esansiyel yağlar;4.50;ürün;30.0 ml;;;;;;;;;;;;;;
DT073;VİTRİNDE;Tıbbi nane yağı;Esansiyel yağlar;3.50;ürün;10.0 ml;;;;;;;;;;;;;;
DT074;VİTRİNDE;Çay ağacı yağı;Esansiyel yağlar;4.70;ürün;10.0 ml;;;;;;;;;;;;;;
DT075;VİTRİNDE;Limonotu yağı;Esansiyel yağlar;9.60;ürün;10.0 ml;;;;;;;;;;;;;;
DT076;VİTRİNDE;Kekik yağı;Esansiyel yağlar;6.40;ürün;10.0 ml;;;;;;;;;;;;;;
DT077;VİTRİNDE;Lavanta yağı;Esansiyel yağlar;5.90;ürün;10.0 ml;;;;;;;;;;;;;;
DT078;VİTRİNDE;Adaçayı yağı;Esansiyel yağlar;3.50;ürün;10.0 ml;;;;;;;;;;;;;;
DT079;VİTRİNDE;Ardıç yağı;Esansiyel yağlar;4.50;ürün;10.0 ml;;;;;;;;;;;;;;
DT080;VİTRİNDE;Hindistan cevizi yağı;Esansiyel yağlar;6.50;ürün;200.0 g;;;;;;;;;;;;;;
DT081;VİTRİNDE;Okaliptus yağı;Esansiyel yağlar;3.50;ürün;10.0 ml;;;;;;;;;;;;;;
DT082;VİTRİNDE;Çam yağı;Esansiyel yağlar;3.50;ürün;10.0 ml;;;;;;;;;;;;;;
DT083;VİTRİNDE;Çam terebentin yağı;Esansiyel yağlar;3.50;ürün;10.0 ml;;;;;;;;;;;;;;
DT084;VİTRİNDE;Bergamot yağı;Esansiyel yağlar;3.50;ürün;10.0 ml;;;;;;;;;;;;;;
DT085;VİTRİNDE;Biberiye yağı;Esansiyel yağlar;3.50;ürün;10.0 ml;;;;;;;;;;;;;;
DT086;VİTRİNDE;Gül yağı;Esansiyel yağlar;5.90;ürün;10.0 ml;;;;;;;;;;;;;;
DT087;VİTRİNDE;Karanfil yağı;Esansiyel yağlar;7.00;ürün;10.0 ml;;;;;;;;;;;;;;
DT088;VİTRİNDE;Niaouli yağı;Esansiyel yağlar;6.00;ürün;10.0 ml;;;;;;;;;;;;;;
DT089;VİTRİNDE;Alman papatyası yağı;Esansiyel yağlar;7.50;ürün;10.0 ml;;;;;;;;;;;;;;
DT090;VİTRİNDE;Portakal yağı;Esansiyel yağlar;5.40;ürün;10.0 ml;;;;;;;;;;;;;;
DT091;VİTRİNDE;Limon yağı;Esansiyel yağlar;3.50;ürün;10.0 ml;;;;;;;;;;;;;;
DT092;YAYIN BEKLİYOR;Sinüzit yağı (özel yapım);Esansiyel yağlar;5.00;ürün;10.0 ml;;;;;;;;;;;;;;
DT093;YAYIN BEKLİYOR;Tırnak mantarı yağı (özel yapım);Esansiyel yağlar;5.00;ürün;10.0 ml;;;;;;;;;;;;;;
DT094;VİTRİNDE;Ardıç katranı;Esansiyel yağlar;3.00;ürün;10.0 ml;;;;;;;;;;;;;;
DT095;YAYIN BEKLİYOR;Doğal sivrisinek kovucu sprey;Esansiyel yağlar;7.50;ürün;;;;;;;;;;;;;;;
DT096;VİTRİNDE;Çam-püren balı;Bal;15.00;ürün;;;;;;;;;;;;;;;
DT097;VİTRİNDE;Kestane balı;Bal;17.00;ürün;;;;;;;;;;;;;;;
DT098;YAYIN BEKLİYOR;Kestane akçaağaç;Bal;12.00;ürün;;;;;;;;;;;;;;;
DT099;VİTRİNDE;Keçi boynuzu pekmezi BİOAROMAFARM;Pekmez;4.90;ürün;350.0 g;;;;;;;;;;;;;;
DT100;VİTRİNDE;Keçi boynuzu pekmezi CRETA CAROB;Pekmez;6.50;ürün;350.0 g;;;;;;;;;;;;;;
DT101;VİTRİNDE;Üzüm pekmezi DETOKS AKTAR;Pekmez;13.90;ürün;;;;;;;;;;;;;;;
DT102;VİTRİNDE;Çifte kavrulmuş tahin;Pekmez;6.50;ürün;500.0 g;;;;;;;;;;;;;;
DT103;VİTRİNDE;Tek kavrulmuş tahin;Pekmez;6.50;ürün;500.0 g;;;;;;;;;;;;;;
DT104;VİTRİNDE;Karadut özü;Pekmez;12.50;ürün;670.0 g;;;;;;;;;;;;;;
DT105;VİTRİNDE;Zühre ana kakaolu kids macun;Pekmez;13.50;ürün;;;;;;;;;;;;;;;
DT106;VİTRİNDE;Zühre ana kozalak macunu;Pekmez;12.00;ürün;;;;;;;;;;;;;;;
DT107;YAYIN BEKLİYOR;Zühre ana kozalak macunu (şeker hastalarına özel stevia katkılı);Pekmez;13.50;ürün;;;;;;;;;;;;;;;
DT108;VİTRİNDE;Yabanmersini özü;Pekmez;12.50;ürün;700.0 g;;;;;;;;;;;;;;
DT109;VİTRİNDE;Keçiboynuzu özü;Pekmez;9.90;ürün;640.0 g;;;;;;;;;;;;;;
DT110;VİTRİNDE;Dut pekmezi;Pekmez;9.90;ürün;640.0 g;;;;;;;;;;;;;;
DT111;VİTRİNDE;Hurma pekmezi;Pekmez;9.90;ürün;640.0 g;;;;;;;;;;;;;;
DT112;VİTRİNDE;Kozalak pekmezi;Pekmez;7.00;ürün;440.0 g;;;;;;;;;;;;;;
DT113;VİTRİNDE;Kozalak şurubu;Pekmez;8.50;ürün;700.0 g;;;;;;;;;;;;;;
DT114;VİTRİNDE;Alıç sirkesi;Pekmez;6.00;ürün;500.0 ml;;;;;;;;;;;;;;
DT115;VİTRİNDE;Havlıcanlı sirke;Pekmez;8.90;ürün;250.0 ml;;;;;;;;;;;;;;
DT116;VİTRİNDE;Elma sirkesi BİAGROS;Pekmez;5.50;ürün;500.0 ml;;;;;;;;;;;;;;
DT117;VİTRİNDE;Elma sirkesi DETOKS AKTAR;Pekmez;7.50;ürün;500.0 ml;;;;;;;;;;;;;;
DT118;VİTRİNDE;Nar sirkesi;Pekmez;6.50;ürün;500.0 ml;;;;;;;;;;;;;;
DT119;VİTRİNDE;Organik balsamic modenna sirkesi;Pekmez;5.00;ürün;500.0 ml;;;;;;;;;;;;;;
DT120;VİTRİNDE;Ananas sirkesi;Pekmez;12.00;ürün;500.0 ml;;;;;;;;;;;;;;
DT121;YAYIN BEKLİYOR;Hayıt tohumu, Civanperçemi, Aslan pençesi kadın sirkesi;Pekmez;12.00;ürün;500.0 ml;;;;;;;;;;;;;;
DT122;VİTRİNDE;Enginar sirkesi;Pekmez;5.50;ürün;500.0 ml;;;;;;;;;;;;;;
DT123;VİTRİNDE;Ceviz sirkesi;Pekmez;5.50;ürün;500.0 ml;;;;;;;;;;;;;;
DT124;VİTRİNDE;Alıç sirkesi;Pekmez;5.50;ürün;500.0 ml;;;;;;;;;;;;;;
DT125;VİTRİNDE;Nar sirkesi;Pekmez;5.50;ürün;500.0 ml;;;;;;;;;;;;;;
DT126;VİTRİNDE;Gül sirkesi;Pekmez;5.50;ürün;500.0 ml;;;;;;;;;;;;;;
DT127;VİTRİNDE;Işkın Kökü sirkesi;Pekmez;13.00;ürün;500.0 ml;;;;;;;;;;;;;;
DT128;VİTRİNDE;Kuru incir kalamata küçük boy;Kuruyemişler;4.00;paket;300.0 g;;;;;;;;;;;;;;
DT129;VİTRİNDE;Kuru incir kalamata büyük boy;Kuruyemişler;4.00;paket;290.0 g;;;;;;;;;;;;;;
DT130;VİTRİNDE;Kayısı günkurusu;Kuruyemişler;5.00;paket;290.0 g;;;;;;;;;;;;;;
DT131;VİTRİNDE;Kayısı sarı;Kuruyemişler;5.00;paket;;;;;;;;;;;;;;;
DT132;VİTRİNDE;Balkan cevizi;Kuruyemişler;5.00;paket;;;;;;;;;;;;;;;
DT133;VİTRİNDE;Çiğ kabak çekirdeği içi;Kuruyemişler;3.00;paket;270.0 g;;;;;;;;;;;;;;
DT134;VİTRİNDE;Granola;Kuruyemişler;2.50;paket;220.0 g;;;;;;;;;;;;;;
DT135;VİTRİNDE;Gojiberry;Kuruyemişler;1.50;paket;130.0 g;;;;;;;;;;;;;;
DT136;VİTRİNDE;Cranberry;Kuruyemişler;1.50;paket;150.0 g;;;;;;;;;;;;;;
DT137;VİTRİNDE;Çekirdeksiz kuru erik;Kuruyemişler;5.00;paket;440.0 g;;;;;;;;;;;;;;
DT138;VİTRİNDE;Patlatmalık mısır GDO'suz;Kuruyemişler;2.50;paket;500.0 g;;;;;;;;;;;;;;
DT139;VİTRİNDE;Yulaf;Kuruyemişler;1.00;paket;250.0 g;;;;;;;;;;;;;;
DT140;VİTRİNDE;Glütensiz Yulaf;Kuruyemişler;2.40;paket;300.0 g;;;;;;;;;;;;;;
DT141;VİTRİNDE;Kuşüzümü;Kuruyemişler;2.50;paket;350.0 g;;;;;;;;;;;;;;
DT142;VİTRİNDE;Sultan üzümü;Kuruyemişler;2.50;paket;330.0 g;;;;;;;;;;;;;;
DT143;VİTRİNDE;Çekirdekli siyah üzüm;Kuruyemişler;2.50;paket;210.0 g;;;;;;;;;;;;;;
DT144;VİTRİNDE;Çam fıstığı;Kuruyemişler;5.00;paket;230.0 g;;;;;;;;;;;;;;
DT145;VİTRİNDE;Tuzsuz Leblebi;Kuruyemişler;2.50;paket;380.0 g;;;;;;;;;;;;;;
DT146;VİTRİNDE;Tuzlu Leblebi;Kuruyemişler;2.50;paket;390.0 g;;;;;;;;;;;;;;
DT147;VİTRİNDE;Kaju çiğ tuzsuz;Kuruyemişler;5.00;paket;330.0 g;;;;;;;;;;;;;;
DT148;VİTRİNDE;Kaju kavruk tuzlu;Kuruyemişler;5.00;paket;330.0 g;;;;;;;;;;;;;;
DT149;VİTRİNDE;Fındık kavruk tuzsuz;Kuruyemişler;5.00;paket;310.0 g;;;;;;;;;;;;;;
DT150;VİTRİNDE;Fındık çiğ tuzsuz;Kuruyemişler;5.00;paket;330.0 g;;;;;;;;;;;;;;
DT151;VİTRİNDE;Badem kavruk tuzsuz;Kuruyemişler;5.00;paket;380.0 g;;;;;;;;;;;;;;
DT152;VİTRİNDE;Badem kavruk tuzlu;Kuruyemişler;5.00;paket;360.0 g;;;;;;;;;;;;;;
DT153;VİTRİNDE;Badem çiğ;Kuruyemişler;5.00;paket;380.0 g;;;;;;;;;;;;;;
DT154;VİTRİNDE;Dut kurusu;Kuruyemişler;5.00;paket;250.0 g;;;;;;;;;;;;;;
DT155;VİTRİNDE;Krokan Bal,susam, pekmez ŞEKERSİZ;Kuruyemişler;2.00;paket;80.0 g;;;;;;;;;;;;;;
DT156;VİTRİNDE;Krokan bal,susam,pekmez, kuruüzüm;Kuruyemişler;2.00;paket;80.0 g;;;;;;;;;;;;;;
DT157;VİTRİNDE;Tarhana (DETOKS AKTAR özel yapım);Kuruyemişler;5.00;ürün;500.0 g;;;;;;;;;;;;;;
DT158;YAYIN BEKLİYOR;Sebzeli bebek tarhanası (DETOKS AKTAR özel yapım, Süt ve Yoğurt içermez);Kuruyemişler;6.50;ürün;500.0 g;;;;;;;;;;;;;;
DT159;VİTRİNDE;Acve;Hurma;1.80;ürün;100.0 g;;;;;;;;;;;;;;
DT160;VİTRİNDE;Safavi;Hurma;5.00;paket;335.0 g;;;;;;;;;;;;;;
DT161;VİTRİNDE;Sugay;Hurma;5.00;paket;335.0 g;;;;;;;;;;;;;;
DT162;VİTRİNDE;Mebrum;Hurma;5.00;paket;335.0 g;;;;;;;;;;;;;;
DT163;VİTRİNDE;Hudri;Hurma;5.00;paket;335.0 g;;;;;;;;;;;;;;
DT164;VİTRİNDE;İnce öğütülmüş Kaya tuzu;Tuz;2.50;paket;500.0 g;;;;;;;;;;;;;;
DT165;VİTRİNDE;İri kaya tuzu;Tuz;2.50;paket;500.0 g;;;;;;;;;;;;;;
DT166;VİTRİNDE;Deniz tuzu;Tuz;1.00;paket;836.0 g;;;;;;;;;;;;;;
DT167;VİTRİNDE;Kaynak tuzu;Tuz;3.00;paket;430.0 g;;;;;;;;;;;;;;
DT168;VİTRİNDE;Mısır unu;Un;4.00;paket;1.0 kg;;;;;;;;;;;;;;
DT169;VİTRİNDE;%70 Beyaz yumuşak un;Un;10.00;ürün;5.0 kg;;;;;;;;;;;;;;
DT170;VİTRİNDE;Tam buğday unu;Un;4.00;ürün;1.0 kg;;;;;;;;;;;;;;
DT171;YAYIN BEKLİYOR;Narcissa aserola kapsül (30x kapsül);Zayıflama ve Form ürünleri;18.00;ürün;;;;;;;;;;;;;;;
DT172;YAYIN BEKLİYOR;Narcissa aserola çay;Zayıflama ve Form ürünleri;;ürün;;;;;;;;;;;;;;;
DT173;YAYIN BEKLİYOR;Harmana hindiba kahvesi;Zayıflama ve Form ürünleri;15.00;ürün;150.0 g;;;;;;;;;;;;;;
DT174;YAYIN BEKLİYOR;Ahisultan form kahve;Zayıflama ve Form ürünleri;22.00;ürün;100.0 g;;;;;;;;;;;;;;
DT175;YAYIN BEKLİYOR;Yeşil çay, Karahindiba, matcha kahve;Zayıflama ve Form ürünleri;15.00;ürün;200.0 g;;;;;;;;;;;;;;
DT176;YAYIN BEKLİYOR;Herbamina inulin & bromelain kahve (Dilan polat kahvesi);Zayıflama ve Form ürünleri;23.00;ürün;90.0 g;;;;;;;;;;;;;;
DT177;YAYIN BEKLİYOR;Mindivan pirenli karışık bitkisel form toz;Zayıflama ve Form ürünleri;9.50;ürün;135.0 g;;;;;;;;;;;;;;
DT178;YAYIN BEKLİYOR;Organik moringa toz BİOAGROS;Zayıflama ve Form ürünleri;5.70;ürün;150.0 g;;;;;;;;;;;;;;
DT179;YAYIN BEKLİYOR;Organik maça toz BİOAGROS;Zayıflama ve Form ürünleri;5.50;ürün;50.0 g;;;;;;;;;;;;;;
DT180;YAYIN BEKLİYOR;Zeolite BİOAGROS;Zayıflama ve Form ürünleri;3.70;ürün;75.0 g;;;;;;;;;;;;;;
DT181;YAYIN BEKLİYOR;Organik buğday çimi tozu BİOAGROS;Zayıflama ve Form ürünleri;6.50;ürün;200.0 g;;;;;;;;;;;;;;
DT182;VİTRİNDE;Çörekotu yağı DETOKS AKTAR;Yağlar;7.50;ürün;;;;;;;;;;;;;;;
DT183;VİTRİNDE;Çörekotu yağı küçük boy;Yağlar;10.90;ürün;100.0 ml;;;;;;;;;;;;;;
DT184;VİTRİNDE;Çörekotu yağı büyük boy;Yağlar;19.90;ürün;250.0 g;;;;;;;;;;;;;;
DT185;VİTRİNDE;Devetikeni yağı;Yağlar;7.80;ürün;100.0 ml;;;;;;;;;;;;;;
DT186;VİTRİNDE;Susam yağı;Yağlar;8.90;ürün;250.0 ml;;;;;;;;;;;;;;
DT187;VİTRİNDE;Kabak çekirdeği yağı;Yağlar;12.90;ürün;250.0 ml;;;;;;;;;;;;;;
DT188;VİTRİNDE;Keten tohumu yağı;Yağlar;7.90;ürün;250.0 ml;;;;;;;;;;;;;;
DT189;YAYIN BEKLİYOR;Udu hindi yağı;Yağlar;5.90;ürün;50.0 ml;;;;;;;;;;;;;;
DT190;VİTRİNDE;Susam yağı DETOKS AKTAR;Yağlar;3.90;ürün;;;;;;;;;;;;;;;
DT191;VİTRİNDE;Sarı kantaron yağı DETOKS AKTAR;Yağlar;6.50;ürün;;;;;;;;;;;;;;;
DT192;VİTRİNDE;Tuzot;Baharatlar - Bitkiler;1.80;ürün;100.0 g;;;;;;;;;;;;;;
DT193;VİTRİNDE;Kappy hindistan Köri;Baharatlar - Bitkiler;1.50;ürün;100.0 g;;;;;;;;;;;;;;
DT194;VİTRİNDE;Limon biberi;Baharatlar - Bitkiler;2.50;ürün;100.0 g;;;;;;;;;;;;;;
DT195;YAYIN BEKLİYOR;Reish mantarı;Baharatlar - Bitkiler;8.00;ürün;100.0 g;;;;;;;;;;;;;;
DT196;YAYIN BEKLİYOR;Söğüt;Baharatlar - Bitkiler;3.20;ürün;100.0 g;;;;;;;;;;;;;;
DT197;YAYIN BEKLİYOR;Kappy Hadras köri;Baharatlar - Bitkiler;4.70;ürün;100.0 g;;;;;;;;;;;;;;
DT198;VİTRİNDE;Köfte baharatı;Baharatlar - Bitkiler;2.20;ürün;100.0 g;;;;;;;;;;;;;;
DT199;VİTRİNDE;Kacun;Baharatlar - Bitkiler;2.40;ürün;100.0 g;;;;;;;;;;;;;;
DT200;VİTRİNDE;Kebap baharatı;Baharatlar - Bitkiler;1.90;ürün;100.0 g;;;;;;;;;;;;;;
DT201;VİTRİNDE;Tavuk patates baharatı;Baharatlar - Bitkiler;1.80;ürün;100.0 g;;;;;;;;;;;;;;
DT202;VİTRİNDE;Pirzola baharatı;Baharatlar - Bitkiler;2.20;ürün;100.0 g;;;;;;;;;;;;;;
DT203;VİTRİNDE;Balık baharatı;Baharatlar - Bitkiler;2.00;ürün;100.0 g;;;;;;;;;;;;;;
DT204;VİTRİNDE;Stevia;Baharatlar - Bitkiler;2.00;ürün;100.0 g;;;;;;;;;;;;;;
DT205;VİTRİNDE;Karanfil;Baharatlar - Bitkiler;3.20;ürün;100.0 g;;;;;;;;;;;;;;
DT206;VİTRİNDE;Deve dikeni;Baharatlar - Bitkiler;5.00;paket;;;;;;;;;;;;;;;
DT207;YAYIN BEKLİYOR;Açlık otu;Baharatlar - Bitkiler;1.50;ürün;100.0 g;;;;;;;;;;;;;;
DT208;VİTRİNDE;Ras el hanut;Baharatlar - Bitkiler;1.80;ürün;100.0 g;;;;;;;;;;;;;;
DT209;VİTRİNDE;Haş haş tohumu;Baharatlar - Bitkiler;1.30;ürün;100.0 g;;;;;;;;;;;;;;
DT210;YAYIN BEKLİYOR;Bektaşi üzümü (αρκτοστάφυλλο);Baharatlar - Bitkiler;3.20;ürün;100.0 g;;;;;;;;;;;;;;
DT211;VİTRİNDE;Papatya;Baharatlar - Bitkiler;3.00;ürün;100.0 g;;;;;;;;;;;;;;
DT212;VİTRİNDE;Limon otu;Baharatlar - Bitkiler;2.60;ürün;100.0 g;;;;;;;;;;;;;;
DT213;YAYIN BEKLİYOR;Aslan pençesi;Baharatlar - Bitkiler;4.50;ürün;100.0 g;;;;;;;;;;;;;;
DT214;YAYIN BEKLİYOR;Sinameki;Baharatlar - Bitkiler;1.50;ürün;100.0 g;;;;;;;;;;;;;;
DT215;YAYIN BEKLİYOR;Ökse otu;Baharatlar - Bitkiler;5.00;paket;;;;;;;;;;;;;;;
DT216;YAYIN BEKLİYOR;Civanperçemi;Baharatlar - Bitkiler;4.20;ürün;100.0 g;;;;;;;;;;;;;;
DT217;VİTRİNDE;Biber mixi;Baharatlar - Bitkiler;3.00;ürün;100.0 g;;;;;;;;;;;;;;
DT218;VİTRİNDE;Öğütülmüş keten;Baharatlar - Bitkiler;1.00;paket;;;;;;;;;;;;;;;
DT219;VİTRİNDE;Çemen;Baharatlar - Bitkiler;1.50;ürün;100.0 g;;;;;;;;;;;;;;
DT220;VİTRİNDE;Keten tohumu;Baharatlar - Bitkiler;1.50;paket;152.0 g;;;;;;;;;;;;;;
DT221;VİTRİNDE;Çia tohumu;Baharatlar - Bitkiler;1.50;paket;130.0 g;;;;;;;;;;;;;;
DT222;VİTRİNDE;Tomurcuk gül;Baharatlar - Bitkiler;3.00;paket;;;;;;;;;;;;;;;
DT223;VİTRİNDE;Rezene;Baharatlar - Bitkiler;1.50;paket;;;;;;;;;;;;;;;
DT224;VİTRİNDE;Çörek otu;Baharatlar - Bitkiler;2.00;paket;;;;;;;;;;;;;;;
DT225;VİTRİNDE;Seylan tarçını toz;Baharatlar - Bitkiler;2.00;paket;;;;;;;;;;;;;;;
DT226;VİTRİNDE;Susam;Baharatlar - Bitkiler;2.00;paket;;;;;;;;;;;;;;;
DT227;YAYIN BEKLİYOR;Orijinal saf Salep;Baharatlar - Bitkiler;16.00;ürün;100.0 g;;;;;;;;;;;;;;
DT228;VİTRİNDE;Bamya tohumu;Baharatlar - Bitkiler;3.00;paket;;;;;;;;;;;;;;;
DT229;YAYIN BEKLİYOR;Ardıç tohumu;Baharatlar - Bitkiler;2.50;paket;;;;;;;;;;;;;;;
DT230;VİTRİNDE;Yıldız anason;Baharatlar - Bitkiler;3.50;ürün;100.0 g;;;;;;;;;;;;;;
DT231;VİTRİNDE;Yeşil çay;Baharatlar - Bitkiler;3.00;paket;;;;;;;;;;;;;;;
DT232;VİTRİNDE;Oolong çayı;Baharatlar - Bitkiler;5.00;paket;;;;;;;;;;;;;;;
DT233;VİTRİNDE;Matte çayı;Baharatlar - Bitkiler;4.00;ürün;100.0 g;;;;;;;;;;;;;;
DT234;VİTRİNDE;Masala çayı;Baharatlar - Bitkiler;5.00;ürün;100.0 g;;;;;;;;;;;;;;
DT235;VİTRİNDE;Bergamotli siyah çay;Baharatlar - Bitkiler;6.00;ürün;100.0 g;;;;;;;;;;;;;;
DT236;VİTRİNDE;Çiçekli çay;Baharatlar - Bitkiler;6.00;ürün;100.0 g;;;;;;;;;;;;;;
DT237;VİTRİNDE;Orman meyveli çay;Baharatlar - Bitkiler;4.00;ürün;100.0 g;;;;;;;;;;;;;;
DT238;VİTRİNDE;Beyaz çay;Baharatlar - Bitkiler;7.00;ürün;100.0 g;;;;;;;;;;;;;;
DT239;VİTRİNDE;Kakule;Baharatlar - Bitkiler;2.00;paket;100.0 g;;;;;;;;;;;;;;
DT240;VİTRİNDE;Kuşburnu;Baharatlar - Bitkiler;1.50;ürün;100.0 g;;;;;;;;;;;;;;
DT241;VİTRİNDE;Aynısefa çiçeği;Baharatlar - Bitkiler;2.00;paket;;;;;;;;;;;;;;;
DT242;VİTRİNDE;Yeni bahar;Baharatlar - Bitkiler;1.90;ürün;100.0 g;;;;;;;;;;;;;;
DT243;VİTRİNDE;Biberiye;Baharatlar - Bitkiler;1.50;paket;;;;;;;;;;;;;;;
DT244;VİTRİNDE;Ebegümeci;Baharatlar - Bitkiler;2.50;paket;;;;;;;;;;;;;;;
DT245;VİTRİNDE;Alıç yaprağı;Baharatlar - Bitkiler;2.50;ürün;100.0 g;;;;;;;;;;;;;;
DT246;YAYIN BEKLİYOR;Meyan kökü;Baharatlar - Bitkiler;3.00;ürün;100.0 g;;;;;;;;;;;;;;
DT247;VİTRİNDE;Keçi boynuzu tozu;Baharatlar - Bitkiler;1.50;paket;;;;;;;;;;;;;;;
DT248;VİTRİNDE;Toz kişniş;Baharatlar - Bitkiler;1.00;paket;;;;;;;;;;;;;;;
DT249;VİTRİNDE;Toz karabiber;Baharatlar - Bitkiler;1.50;paket;;;;;;;;;;;;;;;
DT250;VİTRİNDE;Toz kimyon;Baharatlar - Bitkiler;2.00;paket;;;;;;;;;;;;;;;
DT251;VİTRİNDE;Kimyon tane;Baharatlar - Bitkiler;1.30;ürün;100.0 g;;;;;;;;;;;;;;
DT252;VİTRİNDE;Muskat cevizi;Baharatlar - Bitkiler;4.00;ürün;100.0 g;;;;;;;;;;;;;;
DT253;VİTRİNDE;Kırmızı toz tatlı biber;Baharatlar - Bitkiler;2.00;paket;;;;;;;;;;;;;;;
DT254;VİTRİNDE;Tatlı pul biber;Baharatlar - Bitkiler;2.00;paket;;;;;;;;;;;;;;;
DT255;VİTRİNDE;Orta acı pul biber;Baharatlar - Bitkiler;2.00;paket;;;;;;;;;;;;;;;
DT256;VİTRİNDE;Psikopat acı pul biber;Baharatlar - Bitkiler;1.50;paket;;;;;;;;;;;;;;;
DT257;VİTRİNDE;İsot;Baharatlar - Bitkiler;2.00;ürün;100.0 g;;;;;;;;;;;;;;
DT258;VİTRİNDE;Hatmi çiçegi;Baharatlar - Bitkiler;2.00;paket;;;;;;;;;;;;;;;
DT259;VİTRİNDE;Ekinezya;Baharatlar - Bitkiler;2.50;paket;;;;;;;;;;;;;;;
DT260;VİTRİNDE;Adaçayı demet;Baharatlar - Bitkiler;3.50;paket;;;;;;;;;;;;;;;
DT261;VİTRİNDE;Menta;Baharatlar - Bitkiler;3.00;ürün;100.0 g;;;;;;;;;;;;;;
DT262;YAYIN BEKLİYOR;Limon melisa (louiza);Baharatlar - Bitkiler;4.00;ürün;100.0 g;;;;;;;;;;;;;;
DT263;VİTRİNDE;Melisa;Baharatlar - Bitkiler;5.00;ürün;100.0 g;;;;;;;;;;;;;;
DT264;YAYIN BEKLİYOR;Ekouizeto (kırkkilit otu);Baharatlar - Bitkiler;5.00;ürün;100.0 g;;;;;;;;;;;;;;
DT265;VİTRİNDE;Çubuk seylan tarçın;Baharatlar - Bitkiler;4.00;ürün;100.0 g;;;;;;;;;;;;;;
DT266;VİTRİNDE;Ayrık otu;Baharatlar - Bitkiler;1.70;ürün;100.0 g;;;;;;;;;;;;;;
DT267;YAYIN BEKLİYOR;Çoban çökerten;Baharatlar - Bitkiler;5.00;ürün;100.0 g;;;;;;;;;;;;;;
DT268;YAYIN BEKLİYOR;Sinameki toz;Baharatlar - Bitkiler;1.50;ürün;100.0 g;;;;;;;;;;;;;;
DT269;VİTRİNDE;Fesleğen;Baharatlar - Bitkiler;1.50;ürün;100.0 g;;;;;;;;;;;;;;
DT270;YAYIN BEKLİYOR;Karahalile;Baharatlar - Bitkiler;3.60;paket;;;;;;;;;;;;;;;
DT271;YAYIN BEKLİYOR;Sarıhalile;Baharatlar - Bitkiler;4.00;paket;;;;;;;;;;;;;;;
